col_a,col_b,n,pearson_r,pearson_p,spearman_r,spearman_p,abs_pearson,abs_spearman
latitude,longitude,8173,-0.141,0.0,-0.1708,0.0,0.14098382559532133,0.17077040029636026
latitude,endlatitude,689,-0.0058,0.878899,0.9765,0.0,0.00581515302831286,0.9764690146420232
latitude,endlongitude,689,-0.0087,0.82033,0.0005,0.989152,0.008668186622481915,0.000518915661814071
latitude,age_of_truck,276,0.2147,0.000328,0.1733,0.003878,0.21467915540475227,0.17330281984879514
latitude,resolved_at_latitude,74,0.9646,0.0,0.9892,0.0,0.9646198938470233,0.9892188078489446
latitude,resolved_at_longitude,74,0.0386,0.744044,-0.0189,0.873333,0.038598073282361305,0.01885227693446871
latitude,resolution_minutes,3195,-0.0055,0.755047,-0.0199,0.259788,0.005521721275958836,0.019942245994090183
latitude,hour,8057,-0.0452,4.9e-05,-0.0658,0.0,0.04523834202560261,0.06584341544641799
latitude,day_of_week,8057,-0.0196,0.078487,-0.0186,0.095246,0.019603616980561674,0.018587900976166926
latitude,month,8057,0.0077,0.488549,0.001,0.925329,0.007717352353149571,0.0010443123408550871
latitude,log_lag_minutes,8057,-0.0931,0.0,-0.0436,8.9e-05,0.09309365746818772,0.043637540605467526
latitude,desc_has_phone,8173,-0.0539,1e-06,-0.0366,0.000922,0.053919349240674506,0.036644288924417054
latitude,desc_has_location,8173,0.0306,0.005742,0.0334,0.002514,0.03055085243721141,0.03342000254479196
latitude,desc_char_count,6813,0.0574,2e-06,0.0476,8.4e-05,0.05735030996590211,0.04762403301725006
latitude,desc_word_count,8173,0.0659,0.0,0.068,0.0,0.06589685588895025,0.06801385181739554
latitude,desc_breakdown,8173,0.0727,0.0,0.0759,0.0,0.07274000798804184,0.0759375224814397
latitude,desc_accident,8173,0.0373,0.000738,0.0443,6.2e-05,0.03732609090844968,0.04427853802581139
latitude,desc_waterlogging,8173,-0.0413,0.000185,-0.0455,3.8e-05,0.04134791771484872,0.04553469775309907
latitude,desc_tree_fall,8173,-0.0074,0.506433,-0.0039,0.725284,0.0073502258693460415,0.003887604656396925
latitude,desc_road_block,8173,-0.0121,0.275649,-0.0082,0.456867,0.01205992129307192,0.008230960186720811
latitude,desc_construction,8173,0.0605,0.0,0.0642,0.0,0.06050456074944519,0.06417930885135542
latitude,desc_traffic_slow,8173,0.0154,0.164267,0.0125,0.259988,0.015386316554660403,0.012461186481316435
latitude,desc_event,8173,-0.0119,0.281668,-0.016,0.148824,0.011909868214389203,0.015970719873461704
latitude,desc_vehicle_type,8173,0.0007,0.947111,0.0008,0.94564,0.000733871271826591,0.0007543195823068621
latitude,desc_location_ref,8173,0.0893,0.0,0.0935,0.0,0.08927949758189684,0.09352917437918865
latitude,desc_severity_high,8173,0.0261,0.018314,0.0242,0.02851,0.026095548864817603,0.024226779765285176
latitude,event_type_enc,8173,0.0018,0.87204,0.0089,0.420814,0.0017818971203416249,0.008905700610604951
latitude,event_cause_enc,8173,0.0247,0.025426,0.0182,0.09967,0.024720777705999116,0.018213358112498055
latitude,status_enc,8173,0.1471,0.0,0.1346,0.0,0.14710334503385225,0.13464591260286818
latitude,priority_enc,8171,-0.056,0.0,-0.0526,2e-06,0.05596864046228816,0.05256635573412753
latitude,corridor_enc,8153,-0.0626,0.0,0.0182,0.100898,0.06262804309846134,0.0181698863874675
latitude,zone_enc,3444,-0.0442,0.009418,-0.0275,0.107242,0.04423884964317499,0.027451317104475046
latitude,veh_type_enc,4887,0.0925,0.0,0.143,0.0,0.09245608538252562,0.14295020068865194
latitude,desc_lang_enc,8173,-0.0005,0.96703,0.021,0.058031,0.0004572740508160459,0.020967327734832453
latitude,desc_lang_label_enc,8173,0.0101,0.360026,0.0166,0.133479,0.010125930682051525,0.016599246039948112
latitude,desc_topic_enc,8173,0.058,0.0,0.0598,0.0,0.058019219886294916,0.05979120315753146
latitude,requires_road_closure_enc,8173,-0.0258,0.01977,-0.0208,0.060182,0.0257802808515922,0.020790333602222547
latitude,authenticated_enc,8173,-0.0334,0.002557,-0.0351,0.001528,0.03336198150068889,0.035051236645512324
latitude,direction_enc,43,0.0242,0.877393,0.0185,0.906449,0.024237544676843463,0.018464004062949273
longitude,endlatitude,689,0.019,0.619301,0.003,0.937854,0.01896087669867104,0.002975693740842952
longitude,endlongitude,689,0.0644,0.09118,0.9852,0.0,0.06440374089941699,0.9852097385216623
longitude,age_of_truck,276,0.111,0.065652,-0.0024,0.968623,0.11096377754107557,0.0023784968932558624
longitude,resolved_at_latitude,74,0.0451,0.702746,-0.0013,0.990908,0.04510728427933081,0.0013476490188818952
longitude,resolved_at_longitude,74,0.9998,0.0,0.9995,0.0,0.9997779650580595,0.999466864124398
longitude,resolution_minutes,3195,0.078,1e-05,0.0835,2e-06,0.07804552771386788,0.08354260028347203
longitude,hour,8057,0.0459,3.8e-05,0.0288,0.009689,0.04590152823701071,0.02881641789982852
longitude,day_of_week,8057,-0.0233,0.036611,-0.0226,0.042559,0.023285393813594,0.02259410325172461
longitude,month,8057,-0.0006,0.960176,0.0011,0.919233,0.0005563659888289904,0.001129838390599144
longitude,log_lag_minutes,8057,0.0074,0.509145,0.0443,7.1e-05,0.007355802489591861,0.044261143656456184
longitude,desc_has_phone,8173,0.0612,0.0,0.0591,0.0,0.06122828059907815,0.05913601759904162
longitude,desc_has_location,8173,0.0714,0.0,0.0612,0.0,0.07138824593641632,0.06119799534204916
longitude,desc_char_count,6813,0.1119,0.0,0.1061,0.0,0.11188934360963435,0.10607173776882213
longitude,desc_word_count,8173,0.0858,0.0,0.0828,0.0,0.08579378787309806,0.0827563301359105
longitude,desc_breakdown,8173,-0.0627,0.0,-0.0738,0.0,0.06268152581164148,0.07384550247291491
longitude,desc_accident,8173,0.0157,0.156108,0.0196,0.075818,0.015689597799945977,0.019640411290421718
longitude,desc_waterlogging,8173,0.0633,0.0,0.0649,0.0,0.06326960871891459,0.06492658007181018
longitude,desc_tree_fall,8173,-0.0181,0.101587,-0.0223,0.044045,0.018111073614057494,0.022274568767562366
longitude,desc_road_block,8173,0.0041,0.713779,0.0127,0.252729,0.004057758435663761,0.012652833392495542
longitude,desc_construction,8173,0.1208,0.0,0.1148,0.0,0.1207803679582511,0.11480685288383892
longitude,desc_traffic_slow,8173,0.0207,0.061223,0.0079,0.477949,0.020706552922703528,0.007850298214882171
longitude,desc_event,8173,0.0303,0.006104,0.0297,0.007189,0.030329597100909413,0.029730748930729668
longitude,desc_vehicle_type,8173,-0.042,0.000148,-0.0382,0.000553,0.04195476892003992,0.03819401913909957
longitude,desc_location_ref,8173,-0.0492,9e-06,-0.0443,6.2e-05,0.0492007297968429,0.04429273946836918
longitude,desc_severity_high,8173,-0.0105,0.341851,-0.0141,0.202532,0.010515310955008208,0.014097751145440143
longitude,event_type_enc,8173,-0.1012,0.0,-0.1007,0.0,0.10117068122196132,0.10071097432188691
longitude,event_cause_enc,8173,-0.1085,0.0,-0.0954,0.0,0.10845852814309039,0.09540215056073012
longitude,status_enc,8173,-0.0598,0.0,-0.0924,0.0,0.05977753139597442,0.09235180458942147
longitude,priority_enc,8171,0.0347,0.001708,-0.0067,0.547737,0.03469610443486041,0.0066513620139692035
longitude,corridor_enc,8153,-0.0479,1.5e-05,-0.0316,0.004369,0.047897681562694056,0.031562706494152624
longitude,zone_enc,3444,-0.4826,0.0,-0.4823,0.0,0.48262694285739793,0.4822994834270432
longitude,veh_type_enc,4887,0.0278,0.052157,0.0471,0.00098,0.027779134323549837,0.047139023583143105
longitude,desc_lang_enc,8173,0.029,0.008833,0.0508,4e-06,0.028962194090593515,0.0507778730129206
longitude,desc_lang_label_enc,8173,0.0166,0.132387,0.0183,0.09794,0.016646041606086293,0.018307016067028673
longitude,desc_topic_enc,8173,-0.0325,0.003301,-0.0453,4.2e-05,0.03249698083517724,0.04529478550676047
longitude,requires_road_closure_enc,8173,-0.0101,0.360548,-0.0031,0.778287,0.010114939744993577,0.003114817495125287
longitude,authenticated_enc,8173,0.0147,0.184089,0.0279,0.011796,0.014693935028409141,0.027853481810636394
longitude,direction_enc,43,-0.1566,0.31603,-0.1086,0.488095,0.15657057591681872,0.10862087745818697
endlatitude,endlongitude,689,-0.6287,0.0,-0.0055,0.885628,0.6286951186716454,0.005489760138167167
endlatitude,age_of_truck,15,0.5313,0.041525,0.5581,0.030622,0.5313341978223252,0.558074117164466
endlatitude,resolution_minutes,273,-0.057,0.347893,0.0509,0.402062,0.05702714183601941,0.05091543345883798
endlatitude,hour,609,-0.0409,0.313845,-0.0333,0.41198,0.04088018817101724,0.03330406587101942
endlatitude,day_of_week,609,0.0428,0.291129,-0.0895,0.027212,0.04284540709266665,0.08949558252729996
endlatitude,month,609,0.0283,0.486445,0.0539,0.184116,0.028254693083417413,0.053892508775701356
endlatitude,log_lag_minutes,609,-0.0104,0.798589,0.0006,0.989002,0.010361171915374444,0.0005597433368023746
endlatitude,desc_has_phone,689,-0.0031,0.934659,-0.0106,0.78162,0.0031290167889828674,0.010579694198429485
endlatitude,desc_has_location,689,0.0407,0.285902,0.026,0.496185,0.04071241987538441,0.02596796606484312
endlatitude,desc_char_count,582,0.0599,0.149139,0.0818,0.048656,0.059871857445155066,0.0817639365521302
endlatitude,desc_word_count,689,0.0126,0.741629,0.0744,0.051055,0.012582809972509691,0.07435984718723843
endlatitude,desc_breakdown,689,-0.0169,0.657322,0.0066,0.862803,0.016929837285383803,0.0065953450869909004
endlatitude,desc_accident,689,-0.0108,0.777987,0.0626,0.100434,0.010760405348747327,0.06263620744608328
endlatitude,desc_waterlogging,689,-0.0088,0.818044,0.0736,0.053363,0.008780432317134755,0.07363592294628285
endlatitude,desc_tree_fall,689,0.0732,0.0548,0.0089,0.814944,0.0731985053483637,0.008932726433663917
endlatitude,desc_road_block,689,0.1065,0.005122,0.0511,0.18004,0.10653415231437179,0.0511333894205172
endlatitude,desc_construction,689,-0.0191,0.617077,0.155,4.4e-05,0.0190812820497601,0.15501977252300408
endlatitude,desc_traffic_slow,689,-0.0182,0.633643,-0.0371,0.33033,0.018188766820343625,0.03714012777853601
endlatitude,desc_event,689,-0.0104,0.785482,-0.0654,0.086346,0.010387870776734226,0.0653849177097896
endlatitude,desc_vehicle_type,689,-0.0141,0.712435,-0.0196,0.60739,0.014066913353897158,0.019608065469253685
endlatitude,desc_location_ref,689,0.0216,0.572267,0.1067,0.005073,0.02155059820930249,0.10665103668326188
endlatitude,desc_severity_high,689,,,,,,
endlatitude,event_type_enc,689,0.0323,0.39778,0.0335,0.380473,0.03226468561828031,0.033463426461955714
endlatitude,event_cause_enc,689,0.0293,0.442206,-0.0945,0.013123,0.029323482668117996,0.094456892085276
endlatitude,status_enc,689,0.0213,0.576751,0.0116,0.76052,0.021299579160812765,0.011632599755459237
endlatitude,priority_enc,689,0.0475,0.21265,0.0379,0.320881,0.04754014386933788,0.03787207847115302
endlatitude,corridor_enc,689,0.0034,0.929843,0.0334,0.381324,0.003360232689352934,0.033403725677476605
endlatitude,zone_enc,269,0.1107,0.069766,0.0701,0.251902,0.11074195819009428,0.07009751446852511
endlatitude,veh_type_enc,213,0.0154,0.823123,0.1132,0.099378,0.01540574709899855,0.11321348811150456
endlatitude,desc_lang_enc,689,-0.0291,0.446473,-0.055,0.149322,0.029050145740155492,0.054991478671001806
endlatitude,desc_lang_label_enc,689,-0.0555,0.145307,-0.0392,0.30409,0.055539025101549254,0.03920846163064064
endlatitude,desc_topic_enc,689,-0.0146,0.701862,0.0481,0.206907,0.014609603524062017,0.04814232500866586
endlatitude,requires_road_closure_enc,689,0.0065,0.86465,-0.0485,0.203202,0.006505654148061134,0.04853727982778629
endlatitude,authenticated_enc,689,0.0193,0.612704,0.0177,0.642164,0.019318609860940007,0.01773350971369461
endlongitude,age_of_truck,15,-0.0609,0.829379,0.018,0.949226,0.06087074400585823,0.018002390876273092
endlongitude,resolution_minutes,273,0.0266,0.661342,0.0145,0.811448,0.026630163395763982,0.014504021783303435
endlongitude,hour,609,0.0258,0.525471,0.0683,0.092138,0.02577754558354319,0.0683089600182612
endlongitude,day_of_week,609,-0.0181,0.654897,-0.0671,0.098084,0.018147924569202403,0.06709437992653484
endlongitude,month,609,0.0343,0.397874,-0.0296,0.465232,0.03431873532366684,0.029645955678913746
endlongitude,log_lag_minutes,609,0.0075,0.854225,0.03,0.460084,0.007460373727070033,0.029988891070819246
endlongitude,desc_has_phone,689,0.0085,0.823147,0.072,0.058818,0.008529954715570059,0.07202330281238532
endlongitude,desc_has_location,689,0.0399,0.295164,0.0489,0.199636,0.03993880843402623,0.048922317379131726
endlongitude,desc_char_count,582,0.0794,0.055653,0.0567,0.172064,0.07937253197385202,0.05668232541473851
endlongitude,desc_word_count,689,0.0529,0.165313,0.029,0.447479,0.052915688993055966,0.028985960524792992
endlongitude,desc_breakdown,689,0.0201,0.597823,0.067,0.078975,0.020131955743013647,0.06697002661640009
endlongitude,desc_accident,689,0.0055,0.886024,-0.0199,0.602898,0.005470613018284819,0.01985359330396857
endlongitude,desc_waterlogging,689,0.0015,0.968249,-0.0625,0.101311,0.0015191695412634426,0.0624754174016952
endlongitude,desc_tree_fall,689,0.0313,0.412184,-0.0851,0.025465,0.03129084350059912,0.08511883698947229
endlongitude,desc_road_block,689,0.047,0.218187,0.0701,0.065841,0.04697056610995696,0.0701206829745694
endlongitude,desc_construction,689,0.0247,0.51808,0.1662,1.2e-05,0.024663391487044176,0.16623440425140093
endlongitude,desc_traffic_slow,689,0.0096,0.801619,0.0063,0.868383,0.009589149195376779,0.006324586976779683
endlongitude,desc_event,689,0.0073,0.849309,0.0305,0.424384,0.007251525522396154,0.030481601925139334
endlongitude,desc_vehicle_type,689,0.0102,0.789274,0.0043,0.91001,0.010199821636549021,0.004313774403235811
endlongitude,desc_location_ref,689,0.0303,0.426754,-0.0344,0.366658,0.030325998364059265,0.03444438288256864
endlongitude,desc_severity_high,689,,,,,,
endlongitude,event_type_enc,689,-0.0166,0.663175,-0.032,0.402174,0.01662152593900581,0.03196544303156468
endlongitude,event_cause_enc,689,-0.0187,0.623763,-0.0813,0.03295,0.01871985739154014,0.08126226194270116
endlongitude,status_enc,689,-0.0144,0.706491,-0.0315,0.408429,0.014371630625525118,0.03154275266332762
endlongitude,priority_enc,689,-0.0271,0.476789,-0.0477,0.210656,0.027149373084904622,0.04774791732742576
endlongitude,corridor_enc,689,0.0006,0.988015,0.0847,0.026144,0.0005733183579611105,0.0847315736361028
endlongitude,zone_enc,269,-0.0246,0.687965,-0.4043,0.0,0.024597966588770646,0.4042747780789211
endlongitude,veh_type_enc,213,-0.0046,0.946511,0.0116,0.866307,0.004624006981857382,0.011603120628167068
endlongitude,desc_lang_enc,689,0.0176,0.645122,-0.0133,0.728168,0.017576067356448816,0.013264614364944301
endlongitude,desc_lang_label_enc,689,0.0505,0.185514,0.0063,0.869115,0.05049862800444875,0.006289064617554609
endlongitude,desc_topic_enc,689,0.0374,0.326436,0.0795,0.03687,0.037440075042131336,0.07953443664417481
endlongitude,requires_road_closure_enc,689,-0.0089,0.815738,-0.0435,0.253625,0.00889371182104104,0.04354947096150549
endlongitude,authenticated_enc,689,-0.0059,0.877377,0.0562,0.140447,0.005888804875665403,0.05621752884562148
age_of_truck,resolution_minutes,68,0.1452,0.237583,0.0362,0.769382,0.14515448253119573,0.03621335697231691
age_of_truck,hour,276,0.0626,0.299833,0.0534,0.376392,0.06263048049271311,0.053449020178929274
age_of_truck,day_of_week,276,-0.0896,0.137394,-0.0551,0.361718,0.08964719435435059,0.05511015969010255
age_of_truck,month,276,0.0302,0.617763,-0.0396,0.511876,0.030167759725415782,0.03964612949026889
age_of_truck,log_lag_minutes,276,0.0551,0.361817,0.0301,0.618522,0.05509883233259517,0.030102685153515885
age_of_truck,desc_has_phone,276,-0.0206,0.732952,0.0652,0.280054,0.020629364813301156,0.06524715497700279
age_of_truck,desc_has_location,276,0.0596,0.323734,-0.0076,0.900155,0.0596169815216888,0.007586489478647329
age_of_truck,desc_char_count,209,0.0898,0.195782,-0.004,0.954156,0.08984217947397857,0.00400050211127887
age_of_truck,desc_word_count,276,0.1035,0.086242,0.066,0.274659,0.10345709177723655,0.06598225773907965
age_of_truck,desc_breakdown,276,0.0013,0.982648,0.0826,0.171388,0.0013151303950913054,0.08256349431730284
age_of_truck,desc_accident,276,,,,,,
age_of_truck,desc_waterlogging,276,,,,,,
age_of_truck,desc_tree_fall,276,,,,,,
age_of_truck,desc_road_block,276,-0.0213,0.724662,0.0366,0.544525,0.02129630925379209,0.03662998174147524
age_of_truck,desc_construction,276,-0.0375,0.535408,-0.0153,0.800798,0.03746283593110643,0.015255939434874709
age_of_truck,desc_traffic_slow,276,0.0448,0.458459,0.0456,0.450639,0.044807191181685656,0.04558985502701718
age_of_truck,desc_event,276,,,,,,
age_of_truck,desc_vehicle_type,276,0.0422,0.485413,0.0569,0.346311,0.04216464872816715,0.05690011502223432
age_of_truck,desc_location_ref,276,0.0653,0.279403,-0.0093,0.877711,0.06533532258095988,0.009304017528920926
age_of_truck,desc_severity_high,276,,,,,,
age_of_truck,event_type_enc,276,,,,,,
age_of_truck,event_cause_enc,276,,,,,,
age_of_truck,status_enc,276,-0.0201,0.740082,0.0748,0.215517,0.020057698150023208,0.07478621272217863
age_of_truck,priority_enc,276,0.032,0.596013,-0.0546,0.365982,0.03204811009914292,0.05462320175340595
age_of_truck,corridor_enc,276,0.1176,0.05104,0.0084,0.888911,0.11757094161614731,0.008446081312350421
age_of_truck,zone_enc,112,-0.0903,0.343869,0.0888,0.352047,0.09027024601819884,0.0887578706408596
age_of_truck,veh_type_enc,276,,,,,,
age_of_truck,desc_lang_enc,276,0.0252,0.676989,0.1159,0.054551,0.025185176642951727,0.1158529447925436
age_of_truck,desc_lang_label_enc,276,0.0192,0.750439,0.074,0.220594,0.019230536362152793,0.07396800570807922
age_of_truck,desc_topic_enc,276,-0.0303,0.61679,0.0393,0.516081,0.030251214410677796,0.039252269355779114
age_of_truck,requires_road_closure_enc,276,0.0676,0.262825,0.0969,0.108283,0.0676300438257148,0.09687940033513595
age_of_truck,authenticated_enc,276,0.1204,0.045618,0.0775,0.19912,0.12042867425843709,0.07752695060826288
resolved_at_latitude,resolved_at_longitude,74,0.0399,0.73579,-0.0065,0.956358,0.03988935746534806,0.006471677156608661
resolved_at_latitude,resolution_minutes,72,-0.1064,0.373548,-0.0173,0.885091,0.10643381755028745,0.017333697857953148
resolved_at_latitude,hour,72,-0.1267,0.289077,-0.0914,0.444959,0.12665234614550738,0.09143156856054374
resolved_at_latitude,day_of_week,72,-0.028,0.81562,-0.0618,0.606102,0.027964886408057284,0.06179282287977243
resolved_at_latitude,month,72,0.1587,0.182886,0.2491,0.034831,0.15874934822301262,0.2491272174247265
resolved_at_latitude,log_lag_minutes,72,-0.1158,0.332614,-0.2262,0.056066,0.1158238012609846,0.22618817930413532
resolved_at_latitude,desc_has_phone,74,-0.0475,0.687505,-0.0301,0.798806,0.04754273709080788,0.030136986301369857
resolved_at_latitude,desc_has_location,74,0.3045,0.008339,0.2625,0.023869,0.3045262533230068,0.26247521342092656
resolved_at_latitude,desc_char_count,65,0.1066,0.397878,0.1518,0.227261,0.10663074660090129,0.15184119000992702
resolved_at_latitude,desc_word_count,74,0.0655,0.579074,0.1406,0.232158,0.06553329065517219,0.14059719660368517
resolved_at_latitude,desc_breakdown,74,0.144,0.220867,0.0784,0.506975,0.14402205685992184,0.07835187124795949
resolved_at_latitude,desc_accident,74,,,,,,
resolved_at_latitude,desc_waterlogging,74,,,,,,
resolved_at_latitude,desc_tree_fall,74,-0.0842,0.475708,-0.0975,0.408401,0.08419646233790141,0.0975342893301088
resolved_at_latitude,desc_road_block,74,,,,,,
resolved_at_latitude,desc_construction,74,-0.0393,0.739562,-0.0016,0.989179,0.03929866655540419,0.0016039054528810188
resolved_at_latitude,desc_traffic_slow,74,-0.0618,0.601138,-0.026,0.826213,0.061763578679686265,0.025961077132454297
resolved_at_latitude,desc_event,74,,,,,,
resolved_at_latitude,desc_vehicle_type,74,0.2073,0.076377,0.2182,0.061795,0.20728814339470886,0.21821337805927798
resolved_at_latitude,desc_location_ref,74,0.1934,0.098798,0.2399,0.039522,0.19336704042486655,0.23989802689474427
resolved_at_latitude,desc_severity_high,74,,,,,,
resolved_at_latitude,event_type_enc,74,,,,,,
resolved_at_latitude,event_cause_enc,74,0.2783,0.016373,0.3676,0.001273,0.27825399192124506,0.3676080431727246
resolved_at_latitude,status_enc,74,-0.1094,0.353497,-0.0013,0.991497,0.10939606603297458,0.00126025670893045
resolved_at_latitude,priority_enc,73,-0.038,0.749795,-0.0573,0.629885,0.037967391024936153,0.05734419089613787
resolved_at_latitude,corridor_enc,74,-0.3084,0.007508,-0.2986,0.009773,0.3084144958120997,0.29855388040873426
resolved_at_latitude,zone_enc,43,0.099,0.527842,0.1129,0.471004,0.09895197499452667,0.11290281570365661
resolved_at_latitude,veh_type_enc,59,-0.1249,0.346011,-0.1084,0.414011,0.1248747665572974,0.10835027058555588
resolved_at_latitude,desc_lang_enc,74,-0.1,0.396442,-0.038,0.747688,0.10003252979816633,0.03802951392883569
resolved_at_latitude,desc_lang_label_enc,74,-0.0319,0.787052,-0.0927,0.432337,0.0319389904859972,0.09265828282248863
resolved_at_latitude,desc_topic_enc,74,0.1366,0.24572,0.1818,0.121142,0.13663349542865608,0.18177354324834433
resolved_at_latitude,requires_road_closure_enc,74,-0.0215,0.855592,0.0189,0.872989,0.021519648512165573,0.018903850633956748
resolved_at_latitude,authenticated_enc,74,-0.0673,0.56903,-0.0464,0.694922,0.06727100224896729,0.04635520172936798
resolved_at_longitude,resolution_minutes,72,0.1485,0.213194,-0.1376,0.2492,0.14848859553857788,0.13756009756473953
resolved_at_longitude,hour,72,-0.1483,0.213842,-0.2374,0.044619,0.14828088528726255,0.23743104939196902
resolved_at_longitude,day_of_week,72,0.0774,0.517867,0.106,0.375645,0.07744768140178715,0.10597034886329575
resolved_at_longitude,month,72,-0.1717,0.149254,-0.1095,0.359708,0.171701626921505,0.10953419189572164
resolved_at_longitude,log_lag_minutes,72,-0.2392,0.04299,-0.0282,0.81409,0.23921907939579115,0.02820117049327931
resolved_at_longitude,desc_has_phone,74,0.0117,0.92098,0.0795,0.50101,0.011730939060985554,0.07945205479452054
resolved_at_longitude,desc_has_location,74,-0.056,0.635651,-0.0324,0.783787,0.05598675448714944,0.03244075671494597
resolved_at_longitude,desc_char_count,65,0.1309,0.298469,0.2022,0.106209,0.13094601388675817,0.20222167701782906
resolved_at_longitude,desc_word_count,74,-0.0312,0.791943,0.0001,0.999097,0.031188294454005148,0.0001338171287471623
resolved_at_longitude,desc_breakdown,74,0.1214,0.302717,0.0556,0.638241,0.12143098806500413,0.05555859961218945
resolved_at_longitude,desc_accident,74,,,,,,
resolved_at_longitude,desc_waterlogging,74,,,,,,
resolved_at_longitude,desc_tree_fall,74,-0.0099,0.93335,0.0195,0.868973,0.00989008878196801,0.01950685786602176
resolved_at_longitude,desc_road_block,74,,,,,,
resolved_at_longitude,desc_construction,74,-0.0717,0.544035,-0.0754,0.52325,0.07165925016356095,0.07538355628540785
resolved_at_longitude,desc_traffic_slow,74,0.0728,0.53745,0.1158,0.32597,0.07283154760476912,0.11577237099607997
resolved_at_longitude,desc_event,74,,,,,,
resolved_at_longitude,desc_vehicle_type,74,-0.1776,0.13004,-0.127,0.280918,0.177613738430028,0.12699878272903317
resolved_at_longitude,desc_location_ref,74,-0.0901,0.445267,-0.0417,0.724319,0.09008836666462579,0.0416916798876906
resolved_at_longitude,desc_severity_high,74,,,,,,
resolved_at_longitude,event_type_enc,74,,,,,,
resolved_at_longitude,event_cause_enc,74,-0.0279,0.813432,-0.109,0.355236,0.02790432214834269,0.10900373958387645
resolved_at_longitude,status_enc,74,-0.0354,0.764465,-0.0693,0.557326,0.035422505290171956,0.06931411899117475
resolved_at_longitude,priority_enc,73,-0.0801,0.500528,-0.0026,0.982539,0.08010148551856466,0.0026065541316426305
resolved_at_longitude,corridor_enc,74,-0.0154,0.896565,0.028,0.812937,0.015373278200386333,0.02797967319531991
resolved_at_longitude,zone_enc,43,-0.3246,0.033714,-0.3125,0.041329,0.32456770079134567,0.31249746772030806
resolved_at_longitude,veh_type_enc,59,0.6016,0.0,0.5367,1.2e-05,0.6016322010879767,0.5367033335969442
resolved_at_longitude,desc_lang_enc,74,0.0727,0.538317,0.0262,0.82439,0.07267672905746589,0.02623792160143653
resolved_at_longitude,desc_lang_label_enc,74,0.0454,0.70113,0.0493,0.67687,0.04536471848422538,0.049253898879646464
resolved_at_longitude,desc_topic_enc,74,-0.1219,0.300838,-0.1048,0.374173,0.12190018305706277,0.10480678599463475
resolved_at_longitude,requires_road_closure_enc,74,-0.1131,0.337511,-0.1172,0.319982,0.11305924412495119,0.11720387393053185
resolved_at_longitude,authenticated_enc,74,0.1509,0.199239,-0.0139,0.906386,0.15094278385276322,0.013906560518810392
resolution_minutes,hour,3195,0.0806,5e-06,0.095,0.0,0.08057556552251663,0.09495260610937713
resolution_minutes,day_of_week,3195,-0.0066,0.707898,-0.0001,0.996988,0.006631175445311007,6.681097581686199e-05
resolution_minutes,month,3195,-0.0109,0.539668,0.0353,0.045852,0.010854401714313412,0.03532831828978618
resolution_minutes,log_lag_minutes,3195,-0.0242,0.171271,0.0033,0.850586,0.024210217704406747,0.0033338574645028337
resolution_minutes,desc_has_phone,3195,-0.013,0.462275,-0.0152,0.391943,0.01300965938478138,0.015150734442268936
resolution_minutes,desc_has_location,3195,0.0382,0.030937,0.0304,0.085403,0.03817725222894472,0.030437109653731188
resolution_minutes,desc_char_count,2686,0.0593,0.002108,0.044,0.022575,0.05929935903969795,0.04400278280641616
resolution_minutes,desc_word_count,3195,0.0815,4e-06,0.0827,3e-06,0.0814884495959924,0.08270402116225793
resolution_minutes,desc_breakdown,3195,-0.1698,0.0,-0.1277,0.0,0.16981014544593384,0.12767798759607202
resolution_minutes,desc_accident,3195,-0.0167,0.345397,-0.0231,0.191409,0.016698290474477816,0.023118534463998246
resolution_minutes,desc_waterlogging,3195,0.2522,0.0,0.21,0.0,0.25215562951492215,0.21004317095607886
resolution_minutes,desc_tree_fall,3195,0.0942,0.0,0.1007,0.0,0.09422075043977186,0.10071120613926471
resolution_minutes,desc_road_block,3195,0.0593,0.000806,0.0618,0.000474,0.05925059750829777,0.06179435244828082
resolution_minutes,desc_construction,3195,0.1839,0.0,0.1726,0.0,0.1838671722480258,0.17262036917280188
resolution_minutes,desc_traffic_slow,3195,0.0571,0.001252,0.0426,0.015924,0.057061158117970065,0.04264531091450198
resolution_minutes,desc_event,3195,0.0578,0.001088,0.0345,0.051475,0.05776919896581993,0.03445734372624897
resolution_minutes,desc_vehicle_type,3195,-0.141,0.0,-0.1046,0.0,0.140982005364218,0.10455848635915872
resolution_minutes,desc_location_ref,3195,0.0239,0.177183,0.0191,0.280334,0.023880278231651945,0.01910493284292889
resolution_minutes,desc_severity_high,3195,-0.0075,0.67357,0.0126,0.476327,0.007455420960551699,0.012604708161399344
resolution_minutes,event_type_enc,3195,-0.0086,0.626059,0.0019,0.916384,0.008623949355677575,0.0018581602585301155
resolution_minutes,event_cause_enc,3195,-0.3403,0.0,-0.2658,0.0,0.34027601279983855,0.26583388106811184
resolution_minutes,status_enc,3195,-0.0618,0.000474,-0.0239,0.177724,0.06179290206926055,0.023850443639144084
resolution_minutes,priority_enc,3195,0.0915,0.0,0.0858,1e-06,0.09151308128517245,0.08582794803160403
resolution_minutes,corridor_enc,3185,-0.049,0.005655,-0.0392,0.027087,0.04902112573276114,0.03916453417064688
resolution_minutes,zone_enc,1374,-0.004,0.883201,0.0067,0.80484,0.0039669715713374935,0.006671891402166123
resolution_minutes,veh_type_enc,1835,-0.0786,0.000756,-0.0986,2.3e-05,0.07856368699281542,0.09855429710139633
resolution_minutes,desc_lang_enc,3195,-0.0213,0.228224,0.0175,0.323375,0.02132322293196634,0.017476684240812553
resolution_minutes,desc_lang_label_enc,3195,0.0466,0.008469,0.0516,0.003513,0.04657092327933505,0.05162461907205658
resolution_minutes,desc_topic_enc,3195,-0.0909,0.0,-0.0501,0.00459,0.09094105932112166,0.0501342391900114
resolution_minutes,requires_road_closure_enc,3195,0.0715,5.2e-05,0.078,1e-05,0.07152396657069608,0.07800418697159871
resolution_minutes,authenticated_enc,3195,0.2826,0.0,0.3878,0.0,0.28255251563058914,0.38781053423746575
hour,day_of_week,8057,-0.1298,0.0,-0.1109,0.0,0.12983742253669853,0.11093359271967053
hour,month,8057,0.0065,0.559745,-0.0206,0.064053,0.006498435330748456,0.020631475747298872
hour,log_lag_minutes,8057,0.1056,0.0,0.0157,0.15819,0.10564885025150407,0.015723079506307372
hour,desc_has_phone,8057,-0.0185,0.096203,-0.0171,0.125044,0.01853440038252743,0.017090618403622772
hour,desc_has_location,8057,0.0113,0.308638,0.0036,0.747903,0.011343576586963793,0.0035812327348355047
hour,desc_char_count,6698,0.0475,0.0001,0.0363,0.002984,0.04751116137644952,0.03627651770318755
hour,desc_word_count,8057,0.0215,0.053144,0.0041,0.710267,0.021544158741819266,0.004139379013345742
hour,desc_breakdown,8057,0.0132,0.236391,0.0019,0.866914,0.013192706595496302,0.00186724609303535
hour,desc_accident,8057,-0.0067,0.54478,-0.011,0.324701,0.0067477981719064484,0.010973234735068584
hour,desc_waterlogging,8057,-0.0355,0.001429,-0.0095,0.391882,0.03552004526949514,0.00954004357047168
hour,desc_tree_fall,8057,-0.0033,0.764398,0.0133,0.234241,0.0033395007683382064,0.01325342046280873
hour,desc_road_block,8057,0.002,0.854741,0.0036,0.747283,0.0020398766840822916,0.0035903539021481545
hour,desc_construction,8057,0.0517,3e-06,0.039,0.000466,0.051663636227287126,0.03898136170088486
hour,desc_traffic_slow,8057,0.0244,0.028401,0.0198,0.075733,0.02441732001589406,0.019787059770706848
hour,desc_event,8057,-0.0124,0.265685,-0.0046,0.682194,0.012401683179980107,0.004562485331390655
hour,desc_vehicle_type,8057,-0.027,0.015184,-0.0166,0.135207,0.027048449229135865,0.016644326653664106
hour,desc_location_ref,8057,-0.0106,0.342635,-0.0146,0.191191,0.010573580096787407,0.014563111760196512
hour,desc_severity_high,8057,0.0163,0.142707,0.0124,0.26757,0.01633135309081488,0.012352902272765998
hour,event_type_enc,8057,-0.0671,0.0,-0.06,0.0,0.06712230793902048,0.06002833517225045
hour,event_cause_enc,8057,-0.0844,0.0,-0.0806,0.0,0.08443592443050789,0.08058061687297641
hour,status_enc,8057,-0.0027,0.808667,-0.0211,0.058438,0.002698099450714122,0.021083643161016165
hour,priority_enc,8057,0.0243,0.029303,0.0439,8e-05,0.02428017317797665,0.04394378119268199
hour,corridor_enc,8037,0.0011,0.922435,0.0076,0.494898,0.0010862581095915566,0.007614504232021794
hour,zone_enc,3389,-0.0202,0.238752,-0.0077,0.652982,0.02024259210396831,0.007726225295911463
hour,veh_type_enc,4877,0.025,0.080506,0.0195,0.173462,0.02502928672331198,0.01949412865220026
hour,desc_lang_enc,8057,-0.0252,0.023448,-0.0343,0.002049,0.025245339045960814,0.03434253666474886
hour,desc_lang_label_enc,8057,-0.0349,0.001727,-0.0387,0.000511,0.03490499024507912,0.03870173720468824
hour,desc_topic_enc,8057,0.0157,0.158671,0.0157,0.158564,0.015704931369960134,0.01570897114260327
hour,requires_road_closure_enc,8057,-0.0107,0.336519,-0.0013,0.910491,0.01070831256298164,0.0012526278192075515
hour,authenticated_enc,8057,0.0789,0.0,0.0704,0.0,0.0788562529325548,0.07037220606740842
hour,direction_enc,39,0.1407,0.392979,0.0391,0.81306,0.14068095995212043,0.03912557314870709
day_of_week,month,8057,0.0471,2.4e-05,0.087,0.0,0.047060405994903264,0.0869718527711141
day_of_week,log_lag_minutes,8057,-0.0864,0.0,-0.0549,1e-06,0.08636994292588156,0.05491565897619802
day_of_week,desc_has_phone,8057,0.0012,0.913486,0.0011,0.922436,0.0012105478566345849,0.0010848874045913464
day_of_week,desc_has_location,8057,-0.0132,0.234805,-0.0132,0.236807,0.013237446629503876,0.013181020220653877
day_of_week,desc_char_count,6698,-0.0191,0.11716,-0.0207,0.090634,0.01914623504040402,0.020676576666918182
day_of_week,desc_word_count,8057,-0.0129,0.247416,-0.0173,0.120828,0.01288736460516103,0.0172840613498213
day_of_week,desc_breakdown,8057,0.006,0.590877,0.0054,0.628752,0.005989743746462841,0.005387160902610234
day_of_week,desc_accident,8057,0.0042,0.703044,0.0045,0.683888,0.00424764619161342,0.004536774315164129
day_of_week,desc_waterlogging,8057,0.0069,0.536129,0.0071,0.522006,0.006893498070732049,0.00713393524472001
day_of_week,desc_tree_fall,8057,-0.0044,0.693192,-0.0047,0.674746,0.004395972513381209,0.004675832553240881
day_of_week,desc_road_block,8057,-0.0031,0.78102,-0.0027,0.806196,0.003097483981220904,0.0027336470743179924
day_of_week,desc_construction,8057,-0.0153,0.169168,-0.0154,0.166769,0.015318668524568285,0.015405307488347007
day_of_week,desc_traffic_slow,8057,0.0086,0.438417,0.0084,0.451763,0.008633775772978,0.00838432056475244
day_of_week,desc_event,8057,0.0115,0.299925,0.0109,0.328623,0.01154982426748777,0.010884647349166396
day_of_week,desc_vehicle_type,8057,-0.012,0.279874,-0.0123,0.269484,0.012040113868543163,0.01230359337618295
day_of_week,desc_location_ref,8057,-0.0182,0.102227,-0.018,0.106078,0.018206955537980136,0.018005597621944838
day_of_week,desc_severity_high,8057,-0.0043,0.701518,-0.0043,0.702224,0.004270567348099219,0.004259959430436845
day_of_week,event_type_enc,8057,0.0248,0.025978,0.0248,0.026284,0.024805365036988013,0.024754619640692498
day_of_week,event_cause_enc,8057,0.0151,0.17502,0.0096,0.390474,0.01511106587811287,0.009568456380498505
day_of_week,status_enc,8057,-0.0377,0.00072,-0.0399,0.000343,0.037667408778158634,0.03987884141985693
day_of_week,priority_enc,8057,-0.002,0.855502,-0.0022,0.843096,0.002029074724382186,0.0022054742702478456
day_of_week,corridor_enc,8037,-0.026,0.019627,-0.0317,0.004539,0.026027763241920493,0.03165414832584701
day_of_week,zone_enc,3389,0.0203,0.238415,0.0178,0.300576,0.020257158224485573,0.01778746801273472
day_of_week,veh_type_enc,4877,0.0097,0.497776,0.0112,0.432557,0.009710694467286465,0.01124069617705983
day_of_week,desc_lang_enc,8057,-0.0109,0.32771,-0.0146,0.189911,0.010905203076657134,0.014605222080739893
day_of_week,desc_lang_label_enc,8057,0.0004,0.974916,-0.0034,0.759562,0.00035036063327205705,0.003410202138063646
day_of_week,desc_topic_enc,8057,-0.0164,0.140002,-0.0236,0.034502,0.01644271310110928,0.023553617482187827
day_of_week,requires_road_closure_enc,8057,0.0031,0.779304,0.0031,0.784116,0.003122394652812277,0.0030525744273938887
day_of_week,authenticated_enc,8057,-0.0092,0.409836,-0.0084,0.45356,0.00918322431505878,0.008351046396006348
day_of_week,direction_enc,39,0.143,0.385189,0.1694,0.302453,0.14298705666078157,0.1694372084238272
month,log_lag_minutes,8057,-0.0747,0.0,-0.0551,1e-06,0.07467384368447957,0.05510435816104813
month,desc_has_phone,8057,-0.0007,0.948847,0.0106,0.342572,0.0007148415078576609,0.01057495094909002
month,desc_has_location,8057,-0.0199,0.073891,-0.0184,0.098587,0.019912757406441953,0.018402911612895714
month,desc_char_count,6698,-0.0414,0.000705,-0.0714,0.0,0.041382943794812506,0.07137730550100528
month,desc_word_count,8057,-0.0189,0.089871,-0.0327,0.003287,0.018896758023591174,0.03274461454007263
month,desc_breakdown,8057,0.0075,0.499845,-0.0105,0.347615,0.007518084137991412,0.010464978991916875
month,desc_accident,8057,0.015,0.178435,0.0049,0.659637,0.014992304644443068,0.004907273149335389
month,desc_waterlogging,8057,-0.0539,1e-06,-0.0054,0.628623,0.05388832989584725,0.0053891874816012
month,desc_tree_fall,8057,-0.047,2.4e-05,-0.0008,0.941209,0.04700564379999626,0.0008217538109724727
month,desc_road_block,8057,-0.0029,0.795113,-0.0021,0.852298,0.002893436147427555,0.002074583639914642
month,desc_construction,8057,-0.0027,0.809534,-0.017,0.126419,0.0026856228605741444,0.01702863854841165
month,desc_traffic_slow,8057,-0.0413,0.000207,-0.045,5.3e-05,0.04132120094987169,0.04499706069137397
month,desc_event,8057,0.016,0.151304,0.011,0.321873,0.0159877173955114,0.011037555972718611
month,desc_vehicle_type,8057,-0.0029,0.793088,-0.0066,0.552702,0.0029226934700370775,0.006615381837967538
month,desc_location_ref,8057,0.0024,0.830154,-0.0018,0.872807,0.0023900910001318073,0.0017838406091624094
month,desc_severity_high,8057,0.0054,0.629197,0.0052,0.637908,0.005380168159767775,0.005243888635464807
month,event_type_enc,8057,-0.0352,0.0016,-0.0159,0.152433,0.03515380451972146,0.015943715226398977
month,event_cause_enc,8057,-0.0477,1.8e-05,-0.0159,0.154471,0.04773522862224006,0.015864916563135018
month,status_enc,8057,0.009,0.417952,-0.0497,8e-06,0.009024964053261357,0.049698309394734755
month,priority_enc,8057,-0.001,0.930608,0.0019,0.862432,0.0009702768966588397,0.0019307534765821378
month,corridor_enc,8037,-0.0369,0.000939,-0.0302,0.006714,0.03689330769029953,0.03023444559952929
month,zone_enc,3389,0.0043,0.802743,0.0115,0.504904,0.004292513760801938,0.011457813146752217
month,veh_type_enc,4877,0.0236,0.099134,0.0317,0.026638,0.023616373489477687,0.03174298155348624
month,desc_lang_enc,8057,0.0425,0.000137,0.0242,0.029948,0.042480827833804156,0.02418427979097813
month,desc_lang_label_enc,8057,0.0483,1.4e-05,0.0387,0.00052,0.04834252948469943,0.038655078685520095
month,desc_topic_enc,8057,-0.0126,0.257998,-0.0248,0.026129,0.0126031132937916,0.024780195889241203
month,requires_road_closure_enc,8057,-0.0288,0.009735,-0.0144,0.195013,0.028798247149730272,0.014438635884471664
month,authenticated_enc,8057,0.0213,0.056293,0.0291,0.008912,0.02126585403142874,0.02913597745547212
month,direction_enc,39,-0.1933,0.238262,-0.0452,0.784501,0.1933482013075115,0.04523774374610771
log_lag_minutes,desc_has_phone,8057,-0.0072,0.518592,0.0072,0.519543,0.007192552356438628,0.007176200818041228
log_lag_minutes,desc_has_location,8057,-0.0371,0.000863,0.0811,0.0,0.03711119490103769,0.08111744306205278
log_lag_minutes,desc_char_count,6698,0.0685,0.0,0.3168,0.0,0.06847361298594111,0.31678192167316466
log_lag_minutes,desc_word_count,8057,-0.0561,0.0,0.3237,0.0,0.05611667664541997,0.32371727870213846
log_lag_minutes,desc_breakdown,8057,-0.0503,6e-06,0.0659,0.0,0.050287011022345694,0.06590573326148762
log_lag_minutes,desc_accident,8057,-0.017,0.127275,-0.0059,0.598639,0.016990283874903922,0.0058648730842901595
log_lag_minutes,desc_waterlogging,8057,-0.0252,0.023581,-0.0265,0.017183,0.025221303830974533,0.026545312653868097
log_lag_minutes,desc_tree_fall,8057,-0.0162,0.144766,-0.022,0.04838,0.016247639919683483,0.021992688957551566
log_lag_minutes,desc_road_block,8057,-0.0008,0.943898,0.0516,4e-06,0.0007841041889946531,0.05159773176795703
log_lag_minutes,desc_construction,8057,-0.0266,0.016957,0.0031,0.779451,0.02659948153319077,0.003120257240037119
log_lag_minutes,desc_traffic_slow,8057,-0.0514,4e-06,0.0941,0.0,0.05138947411376811,0.09411756351253962
log_lag_minutes,desc_event,8057,-0.0031,0.780157,0.0182,0.102475,0.0031100052487831654,0.018193816818633187
log_lag_minutes,desc_vehicle_type,8057,-0.031,0.005393,0.1175,0.0,0.030997536935296492,0.11747817424534264
log_lag_minutes,desc_location_ref,8057,-0.0482,1.5e-05,0.1475,0.0,0.048215799311883405,0.1475460925869956
log_lag_minutes,desc_severity_high,8057,0.0001,0.992142,0.0175,0.11535,0.00010973662937244559,0.017543471882239647
log_lag_minutes,event_type_enc,8057,0.0119,0.285109,-0.0364,0.001097,0.011909888556042676,0.03636028798335551
log_lag_minutes,event_cause_enc,8057,-0.234,0.0,0.0049,0.659712,0.23404263581984786,0.004906112184250896
log_lag_minutes,status_enc,8057,0.0486,1.3e-05,0.1369,0.0,0.04856825224580581,0.13687739060417586
log_lag_minutes,priority_enc,8057,0.1082,0.0,0.037,0.000906,0.10821074812876841,0.03695933240007244
log_lag_minutes,corridor_enc,8037,-0.0012,0.91112,-0.0171,0.125404,0.0012453385435245376,0.01709556431977349
log_lag_minutes,zone_enc,3389,0.0437,0.010948,-0.0384,0.025322,0.04370138660397209,0.038417060670505036
log_lag_minutes,veh_type_enc,4877,0.1092,0.0,0.1254,0.0,0.10915735849635014,0.12537920132490252
log_lag_minutes,desc_lang_enc,8057,-0.0345,0.001964,0.1211,0.0,0.034483367663646146,0.12105618018034686
log_lag_minutes,desc_lang_label_enc,8057,-0.1027,0.0,0.0754,0.0,0.102716557606755,0.07542601076177989
log_lag_minutes,desc_topic_enc,8057,-0.0745,0.0,0.0651,0.0,0.07445459101335625,0.0651331276493421
log_lag_minutes,requires_road_closure_enc,8057,-0.0181,0.103678,0.0625,0.0,0.01813035285118911,0.06248492029841904
log_lag_minutes,authenticated_enc,8057,0.0416,0.000187,0.0341,0.002206,0.04161198216537061,0.034097451985417054
log_lag_minutes,direction_enc,39,-0.0403,0.807746,0.2368,0.146733,0.040258786833148326,0.23675761135748893
desc_has_phone,desc_has_location,8173,0.0216,0.051037,0.0216,0.051037,0.021583446553914663,0.02158344655391464
desc_has_phone,desc_char_count,6813,0.0392,0.001212,0.0137,0.258532,0.039196886628150546,0.013690462304602337
desc_has_phone,desc_word_count,8173,0.0361,0.001082,0.0181,0.102224,0.03614689232207795,0.018077412883938816
desc_has_phone,desc_breakdown,8173,0.0259,0.019331,0.0259,0.019331,0.025873090097480483,0.025873090097480643
desc_has_phone,desc_accident,8173,0.04,0.000302,0.04,0.000302,0.039963144923246895,0.039963144923246464
desc_has_phone,desc_waterlogging,8173,0.0167,0.131105,0.0167,0.131105,0.01670140292039892,0.01670140292039905
desc_has_phone,desc_tree_fall,8173,-0.0102,0.357291,-0.0102,0.357291,0.01018372446344106,0.010183724463441053
desc_has_phone,desc_road_block,8173,-0.0061,0.581947,-0.0061,0.581947,0.006090634375686158,0.0060906343756861265
desc_has_phone,desc_construction,8173,-0.0157,0.156793,-0.0157,0.156793,0.015663673314689285,0.01566367331468926
desc_has_phone,desc_traffic_slow,8173,-0.0187,0.0911,-0.0187,0.0911,0.018690814691636214,0.018690814691636217
desc_has_phone,desc_event,8173,0.0119,0.280474,0.0119,0.280474,0.011939449432942558,0.011939449432942761
desc_has_phone,desc_vehicle_type,8173,0.0148,0.180221,0.0148,0.180221,0.014824532266248051,0.01482453226624811
desc_has_phone,desc_location_ref,8173,0.0056,0.614434,0.0056,0.614434,0.005573029702726037,0.005573029702726038
desc_has_phone,desc_severity_high,8173,-0.0012,0.913444,-0.0012,0.913444,0.0012025034372633344,0.0012025034372633236
desc_has_phone,event_type_enc,8173,0.0051,0.643265,0.0051,0.643265,0.005123697070495462,0.005123697070495377
desc_has_phone,event_cause_enc,8173,0.0023,0.833343,0.008,0.467329,0.002327839355734502,0.008040866952530595
desc_has_phone,status_enc,8173,-0.0116,0.293183,-0.012,0.276053,0.011628706804792733,0.0120497683876912
desc_has_phone,priority_enc,8171,0.015,0.175921,0.015,0.175921,0.014973982840365703,0.014973982840365852
desc_has_phone,corridor_enc,8153,-0.0026,0.811992,0.0034,0.755932,0.0026346456923635173,0.003442910272197419
desc_has_phone,zone_enc,3444,-0.0285,0.094975,-0.0288,0.09153,0.028456459542049218,0.028757399295641414
desc_has_phone,veh_type_enc,4887,-0.0098,0.493117,-0.0062,0.663751,0.009806145607389271,0.006220364888638642
desc_has_phone,desc_lang_enc,8173,0.0839,0.0,0.062,0.0,0.0839494656976859,0.061967958306222974
desc_has_phone,desc_lang_label_enc,8173,0.0451,4.5e-05,0.0456,3.8e-05,0.04510462906108931,0.04558116931541392
desc_has_phone,desc_topic_enc,8173,-0.0058,0.602473,-0.0128,0.245972,0.005762122015681364,0.012834718861329596
desc_has_phone,requires_road_closure_enc,8173,-0.0115,0.300526,-0.0115,0.300526,0.011453294169507963,0.011453294169507968
desc_has_phone,authenticated_enc,8173,0.0093,0.399263,0.0093,0.399263,0.009325290431489249,0.009325290431489353
desc_has_phone,direction_enc,43,,,,,,
desc_has_location,desc_char_count,6813,0.2876,0.0,0.3413,0.0,0.2876361379160186,0.3413054283333883
desc_has_location,desc_word_count,8173,0.263,0.0,0.3058,0.0,0.2629571936006036,0.305796238649534
desc_has_location,desc_breakdown,8173,-0.0209,0.058932,-0.0209,0.058932,0.02089254729105613,0.020892547291055965
desc_has_location,desc_accident,8173,0.0515,3e-06,0.0515,3e-06,0.05146002765246586,0.0514600276524659
desc_has_location,desc_waterlogging,8173,0.0516,3e-06,0.0516,3e-06,0.05161386915922936,0.051613869159229275
desc_has_location,desc_tree_fall,8173,-0.0011,0.919074,-0.0011,0.919074,0.0011240074361842883,0.001124007436184424
desc_has_location,desc_road_block,8173,0.0397,0.000328,0.0397,0.000328,0.039726484365929134,0.039726484365929
desc_has_location,desc_construction,8173,0.2583,0.0,0.2583,0.0,0.25825862846775277,0.2582586284677528
desc_has_location,desc_traffic_slow,8173,0.1867,0.0,0.1867,0.0,0.18671581577965085,0.18671581577965046
desc_has_location,desc_event,8173,0.0262,0.01794,0.0262,0.01794,0.02618025933827118,0.02618025933827139
desc_has_location,desc_vehicle_type,8173,0.1302,0.0,0.1302,0.0,0.1302017475626677,0.1302017475626674
desc_has_location,desc_location_ref,8173,0.2807,0.0,0.2807,0.0,0.28073401096476475,0.2807340109647646
desc_has_location,desc_severity_high,8173,0.035,0.001537,0.035,0.001537,0.03503230625478036,0.03503230625478003
desc_has_location,event_type_enc,8173,-0.1421,0.0,-0.1421,0.0,0.14207078751930133,0.14207078751930108
desc_has_location,event_cause_enc,8173,-0.1037,0.0,-0.0845,0.0,0.10372255330909531,0.08452362839854115
desc_has_location,status_enc,8173,0.0206,0.062176,0.0202,0.067291,0.02063087435759191,0.02024033854910326
desc_has_location,priority_enc,8171,-0.0437,7.8e-05,-0.0437,7.8e-05,0.043699978717222275,0.04369997871722224
desc_has_location,corridor_enc,8153,0.0178,0.107682,0.0435,8.5e-05,0.01781754330513596,0.043507251590858144
desc_has_location,zone_enc,3444,-0.0101,0.55346,-0.0059,0.731071,0.010100993521953601,0.0058587325626084435
desc_has_location,veh_type_enc,4887,-0.0012,0.934815,0.0063,0.66204,0.0011702505932501364,0.00625409903265196
desc_has_location,desc_lang_enc,8173,-0.1258,0.0,-0.0051,0.645362,0.12575764362514916,0.0050913558475057736
desc_has_location,desc_lang_label_enc,8173,-0.0415,0.000173,-0.01,0.367413,0.04152223682781746,0.009971231865618293
desc_has_location,desc_topic_enc,8173,0.1056,0.0,0.1701,0.0,0.10558299821651183,0.17005402401573982
desc_has_location,requires_road_closure_enc,8173,0.0007,0.948818,0.0007,0.948818,0.000710157941863527,0.0007101579418636259
desc_has_location,authenticated_enc,8173,-0.0246,0.026444,-0.0246,0.026444,0.02455217290911879,0.024552172909118868
desc_has_location,direction_enc,43,-0.2879,0.06122,-0.2481,0.108705,0.2878690741549163,0.24808286224878473
desc_char_count,desc_word_count,6813,0.9689,0.0,0.9691,0.0,0.968928981155116,0.9690545950220174
desc_char_count,desc_breakdown,6813,-0.0037,0.759433,0.0258,0.033239,0.0037106543417593308,0.025795945307234
desc_char_count,desc_accident,6813,0.0408,0.000753,0.0478,8e-05,0.04081226156046031,0.04776454437023768
desc_char_count,desc_waterlogging,6813,0.0153,0.207855,0.0374,0.001996,0.015260845257951208,0.037440556368027206
desc_char_count,desc_tree_fall,6813,-0.0375,0.001956,-0.0393,0.001177,0.03751331337738178,0.03929962903592698
desc_char_count,desc_road_block,6813,0.04,0.000959,0.054,8e-06,0.03999897680612114,0.054043014067718734
desc_char_count,desc_construction,6813,0.1156,0.0,0.1417,0.0,0.11559038267343064,0.14173544011798533
desc_char_count,desc_traffic_slow,6813,0.396,0.0,0.4486,0.0,0.39599467243010056,0.4486039159402894
desc_char_count,desc_event,6813,-0.0047,0.695483,0.0052,0.668698,0.004743038966198024,0.005185444522901752
desc_char_count,desc_vehicle_type,6813,0.165,0.0,0.226,0.0,0.16502637908307177,0.226044765013502
desc_char_count,desc_location_ref,6813,0.2946,0.0,0.4023,0.0,0.29462499755830174,0.4022609333166648
desc_char_count,desc_severity_high,6813,0.0142,0.239606,0.019,0.117437,0.014249045531240557,0.018969620441130028
desc_char_count,event_type_enc,6813,-0.098,0.0,-0.0864,0.0,0.0980362451310892,0.08643680449576141
desc_char_count,event_cause_enc,6813,-0.0818,0.0,-0.0475,8.7e-05,0.08181576890005327,0.04750881120283901
desc_char_count,status_enc,6813,0.0594,1e-06,0.0719,0.0,0.05937552922167676,0.07190361224767366
desc_char_count,priority_enc,6811,-0.0564,3e-06,-0.0605,1e-06,0.0564465700419878,0.060537150825832
desc_char_count,corridor_enc,6794,-0.0511,2.5e-05,-0.0049,0.683927,0.05107629145001008,0.004939994554605225
desc_char_count,zone_enc,2901,-0.0218,0.241352,0.0141,0.448159,0.021759365548836368,0.014087697178256827
desc_char_count,veh_type_enc,4042,0.0407,0.009739,0.0518,0.000988,0.040654460444396134,0.051792361006085925
desc_char_count,desc_lang_enc,6813,-0.1363,0.0,-0.1721,0.0,0.13626009748387174,0.17205655655596902
desc_char_count,desc_lang_label_enc,6813,-0.3264,0.0,-0.4324,0.0,0.326429514134784,0.4324383818119942
desc_char_count,desc_topic_enc,6813,0.0299,0.013504,0.176,0.0,0.029925722005691928,0.17604308734167606
desc_char_count,requires_road_closure_enc,6813,-0.0658,0.0,-0.0649,0.0,0.06578083232134217,0.06488847560885272
desc_char_count,authenticated_enc,6813,0.0197,0.103358,0.0025,0.833729,0.019734820083321645,0.0025437004417927667
desc_char_count,direction_enc,43,-0.0528,0.73681,-0.2048,0.187691,0.052771134798079086,0.20480551783666265
desc_word_count,desc_breakdown,8173,0.1243,0.0,0.1691,0.0,0.12433994444262583,0.16912882201645982
desc_word_count,desc_accident,8173,0.0675,0.0,0.078,0.0,0.06752349518822631,0.07804192463995577
desc_word_count,desc_waterlogging,8173,0.0598,0.0,0.0912,0.0,0.05978220896771878,0.09116030967027411
desc_word_count,desc_tree_fall,8173,0.0124,0.262442,0.0293,0.008054,0.012397232761973756,0.029308393586739624
desc_word_count,desc_road_block,8173,0.0604,0.0,0.0709,0.0,0.060413215872304714,0.07086079647399113
desc_word_count,desc_construction,8173,0.1388,0.0,0.1776,0.0,0.13883152645495814,0.17759363519153643
desc_word_count,desc_traffic_slow,8173,0.4698,0.0,0.5033,0.0,0.4697703456437037,0.5032939646509758
desc_word_count,desc_event,8173,0.0057,0.606321,0.0178,0.107239,0.005701115320849328,0.017818191613369914
desc_word_count,desc_vehicle_type,8173,0.2643,0.0,0.3024,0.0,0.26429284651448665,0.3024159154788674
desc_word_count,desc_location_ref,8173,0.4109,0.0,0.483,0.0,0.4109054702267163,0.4830333453606056
desc_word_count,desc_severity_high,8173,0.0152,0.17048,0.0177,0.109591,0.015162869934890424,0.017699896513989472
desc_word_count,event_type_enc,8173,-0.0724,0.0,-0.0875,0.0,0.0724355014343812,0.0874506031337875
desc_word_count,event_cause_enc,8173,-0.0497,7e-06,-0.0411,0.000202,0.04965355329899623,0.041094153863672156
desc_word_count,status_enc,8173,0.0588,0.0,0.0613,0.0,0.05882540837535048,0.0613386979905019
desc_word_count,priority_enc,8171,-0.0736,0.0,-0.0748,0.0,0.07359222605718453,0.07476008861408705
desc_word_count,corridor_enc,8153,-0.0476,1.7e-05,0.0003,0.97667,0.04763679326630394,0.00032392843928936673
desc_word_count,zone_enc,3444,-0.006,0.724325,0.0074,0.663663,0.006011859073282334,0.007412615155098046
desc_word_count,veh_type_enc,4887,0.0375,0.008809,0.0531,0.000204,0.0374656501715921,0.05309792427759732
desc_word_count,desc_lang_enc,8173,-0.0266,0.016284,0.3066,0.0,0.026574261211735336,0.3065895890349238
desc_word_count,desc_lang_label_enc,8173,0.0218,0.048484,0.1983,0.0,0.021825946020607386,0.1982893913134669
desc_word_count,desc_topic_enc,8173,0.1974,0.0,0.3909,0.0,0.1973764714659159,0.3909299841842038
desc_word_count,requires_road_closure_enc,8173,-0.0568,0.0,-0.0458,3.5e-05,0.05676333628754782,0.04576516927232603
desc_word_count,authenticated_enc,8173,0.0126,0.25469,0.0027,0.806568,0.012600692273468177,0.0027088579594484593
desc_word_count,direction_enc,43,0.0753,0.631097,0.0551,0.7258,0.07534319079976831,0.05506594630736235
desc_breakdown,desc_accident,8173,-0.0672,0.0,-0.0672,0.0,0.06715694248410274,0.06715694248410256
desc_breakdown,desc_waterlogging,8173,-0.0655,0.0,-0.0655,0.0,0.06549220629546558,0.0654922062954655
desc_breakdown,desc_tree_fall,8173,-0.0581,0.0,-0.0581,0.0,0.05806274384344504,0.05806274384344495
desc_breakdown,desc_road_block,8173,-0.0189,0.087665,-0.0189,0.087665,0.01889235136624719,0.018892351366247385
desc_breakdown,desc_construction,8173,-0.1122,0.0,-0.1122,0.0,0.11224157121410576,0.11224157121410556
desc_breakdown,desc_traffic_slow,8173,0.1241,0.0,0.1241,0.0,0.12407924451104034,0.1240792445110403
desc_breakdown,desc_event,8173,-0.0455,3.9e-05,-0.0455,3.9e-05,0.04547765763623262,0.04547765763623252
desc_breakdown,desc_vehicle_type,8173,0.1205,0.0,0.1205,0.0,0.12050336932469699,0.12050336932469727
desc_breakdown,desc_location_ref,8173,0.0719,0.0,0.0719,0.0,0.0718578655262436,0.0718578655262435
desc_breakdown,desc_severity_high,8173,-0.0082,0.458292,-0.0082,0.458292,0.008204923458121433,0.008204923458121453
desc_breakdown,event_type_enc,8173,0.1278,0.0,0.1278,0.0,0.12782280798122173,0.12782280798122136
desc_breakdown,event_cause_enc,8173,0.2128,0.0,0.1927,0.0,0.2127896882041101,0.19265935772650913
desc_breakdown,status_enc,8173,0.1328,0.0,0.1338,0.0,0.1328377546619963,0.1337704090627173
desc_breakdown,priority_enc,8171,-0.0969,0.0,-0.0969,0.0,0.09685346882883432,0.0968534688288344
desc_breakdown,corridor_enc,8153,0.0039,0.724295,-0.0043,0.696651,0.003906984474960391,0.004318145935187215
desc_breakdown,zone_enc,3444,0.0333,0.050826,0.036,0.0347,0.03328095665896555,0.035987103762737
desc_breakdown,veh_type_enc,4887,0.0008,0.955186,0.0232,0.105421,0.0008040675187760453,0.023163867508746307
desc_breakdown,desc_lang_enc,8173,0.0115,0.297916,0.0952,0.0,0.011515319941102189,0.09520163668459884
desc_breakdown,desc_lang_label_enc,8173,0.1533,0.0,0.1592,0.0,0.1532963929623355,0.15923374654277797
desc_breakdown,desc_topic_enc,8173,0.4561,0.0,0.3876,0.0,0.45614354464468787,0.3875670964032713
desc_breakdown,requires_road_closure_enc,8173,-0.0873,0.0,-0.0873,0.0,0.08728283023506467,0.08728283023506495
desc_breakdown,authenticated_enc,8173,0.0328,0.003038,0.0328,0.003038,0.03278117248438562,0.032781172484385744
desc_breakdown,direction_enc,43,0.114,0.466573,0.0954,0.542762,0.11402606184058373,0.09541648548030181
desc_accident,desc_waterlogging,8173,-0.0243,0.028047,-0.0243,0.028047,0.02429792141783003,0.024297921417829983
desc_accident,desc_tree_fall,8173,-0.0148,0.181972,-0.0148,0.181972,0.014765147535250716,0.014765147535250748
desc_accident,desc_road_block,8173,-0.0024,0.82965,-0.0024,0.82965,0.002380215134023166,0.002380215134023181
desc_accident,desc_construction,8173,0.0555,1e-06,0.0555,1e-06,0.05552423031974139,0.05552423031974122
desc_accident,desc_traffic_slow,8173,-0.0069,0.532886,-0.0069,0.532886,0.0068989135000808366,0.006898913500080891
desc_accident,desc_event,8173,-0.0044,0.689658,-0.0044,0.689658,0.004417679539101638,0.004417679539101508
desc_accident,desc_vehicle_type,8173,0.0301,0.006521,0.0301,0.006521,0.030088724239038078,0.030088724239038075
desc_accident,desc_location_ref,8173,0.0382,0.000546,0.0382,0.000546,0.038233647996339624,0.03823364799633961
desc_accident,desc_severity_high,8173,-0.0025,0.823669,-0.0025,0.823669,0.0024651573301844283,0.0024651573301843997
desc_accident,event_type_enc,8173,-0.0812,0.0,-0.0812,0.0,0.08121005279586502,0.08121005279586513
desc_accident,event_cause_enc,8173,-0.2601,0.0,-0.2221,0.0,0.26006912313319586,0.22213480987398287
desc_accident,status_enc,8173,0.0131,0.236162,0.0137,0.216007,0.013105130634605338,0.01368677453102486
desc_accident,priority_enc,8171,0.0227,0.039997,0.0227,0.039997,0.02272099110546682,0.02272099110546684
desc_accident,corridor_enc,8153,-0.0168,0.129807,-0.0143,0.196434,0.01677841872426412,0.014307819423867402
desc_accident,zone_enc,3444,-0.004,0.814117,-0.0048,0.778238,0.004007845191874785,0.004800438070395502
desc_accident,veh_type_enc,4887,0.0152,0.287058,0.0197,0.167808,0.015231758855952128,0.019733340781270405
desc_accident,desc_lang_enc,8173,-0.0459,3.4e-05,0.0126,0.254725,0.045864532116690546,0.012599756469287442
desc_accident,desc_lang_label_enc,8173,0.0137,0.215245,0.0223,0.043811,0.013709499814336595,0.02229917278438813
desc_accident,desc_topic_enc,8173,-0.0114,0.301658,-0.0005,0.966222,0.01142649713768802,0.00046849126490954474
desc_accident,requires_road_closure_enc,8173,0.048,1.4e-05,0.048,1.4e-05,0.04802637001032678,0.04802637001032693
desc_accident,authenticated_enc,8173,-0.0015,0.894783,-0.0015,0.894783,0.00146314695551724,0.0014631469555173725
desc_accident,direction_enc,43,-0.0467,0.766028,-0.0382,0.808014,0.046731992557616286,0.03816659419212073
desc_waterlogging,desc_tree_fall,8173,0.03,0.006715,0.03,0.006715,0.029981719822497227,0.029981719822497043
desc_waterlogging,desc_road_block,8173,-0.0005,0.962802,-0.0005,0.962802,0.000515952576505416,0.0005159525765052273
desc_waterlogging,desc_construction,8173,-0.0014,0.900723,-0.0014,0.900723,0.0013800917988046125,0.001380091798804512
desc_waterlogging,desc_traffic_slow,8173,0.0727,0.0,0.0727,0.0,0.07271138796327879,0.07271138796327867
desc_waterlogging,desc_event,8173,-0.0178,0.107289,-0.0178,0.107289,0.017815643941188765,0.017815643941188734
desc_waterlogging,desc_vehicle_type,8173,-0.0132,0.231595,-0.0132,0.231595,0.013233724884329967,0.013233724884330096
desc_waterlogging,desc_location_ref,8173,0.0323,0.003533,0.0323,0.003533,0.03226362184659267,0.0322636218465925
desc_waterlogging,desc_severity_high,8173,-0.0032,0.771404,-0.0032,0.771404,0.0032142375507515047,0.0032142375507514895
desc_waterlogging,event_type_enc,8173,0.0212,0.055755,0.0212,0.055755,0.021160667533613266,0.021160667533613224
desc_waterlogging,event_cause_enc,8173,0.1011,0.0,0.2054,0.0,0.10110582373759705,0.20535150126442805
desc_waterlogging,status_enc,8173,-0.1514,0.0,-0.1522,0.0,0.15144523672794696,0.1522128109926443
desc_waterlogging,priority_enc,8171,0.0227,0.040492,0.0227,0.040492,0.022664662232305993,0.022664662232305958
desc_waterlogging,corridor_enc,8153,-0.0318,0.004119,-0.0207,0.061625,0.031769379877107526,0.020699822735420346
desc_waterlogging,zone_enc,3444,-0.0203,0.233616,-0.0181,0.286955,0.020301490458974763,0.018149673778463875
desc_waterlogging,veh_type_enc,4887,0.022,0.124337,0.0265,0.063694,0.021986762833186443,0.02652755387354785
desc_waterlogging,desc_lang_enc,8173,-0.0774,0.0,-0.0376,0.000675,0.0773624627315322,0.03759778050653168
desc_waterlogging,desc_lang_label_enc,8173,0.0292,0.008382,0.0361,0.001105,0.029159099007832385,0.036080226230956296
desc_waterlogging,desc_topic_enc,8173,-0.0173,0.117311,0.0028,0.80286,0.017325223942520077,0.002761867278761452
desc_waterlogging,requires_road_closure_enc,8173,-0.0076,0.491483,-0.0076,0.491483,0.0076107507556260265,0.007610750755625912
desc_waterlogging,authenticated_enc,8173,0.0506,5e-06,0.0506,5e-06,0.0505772588964317,0.05057725889643149
desc_waterlogging,direction_enc,43,-0.0094,0.952475,-0.0182,0.90773,0.009364617629226185,0.018209996705626615
desc_tree_fall,desc_road_block,8173,0.1327,0.0,0.1327,0.0,0.13269489792256026,0.13269489792255978
desc_tree_fall,desc_construction,8173,-0.0339,0.002147,-0.0339,0.002147,0.03394459160071458,0.03394459160071448
desc_tree_fall,desc_traffic_slow,8173,-0.0248,0.025119,-0.0248,0.025119,0.024772692841174778,0.024772692841174927
desc_tree_fall,desc_event,8173,0.0103,0.349682,0.0103,0.349682,0.01034596791808466,0.0103459679180846
desc_tree_fall,desc_vehicle_type,8173,-0.0071,0.523288,-0.0071,0.523288,0.007061304692120935,0.007061304692120848
desc_tree_fall,desc_location_ref,8173,0.0178,0.106656,0.0178,0.106656,0.017847821090629015,0.017847821090629004
desc_tree_fall,desc_severity_high,8173,-0.0021,0.851371,-0.0021,0.851371,0.002072884475632748,0.002072884475632761
desc_tree_fall,event_type_enc,8173,0.0286,0.009799,0.0286,0.009799,0.028568387255131614,0.028568387255131597
desc_tree_fall,event_cause_enc,8173,0.019,0.085932,-0.092,0.0,0.018996420824918883,0.0920032692244895
desc_tree_fall,status_enc,8173,-0.0732,0.0,-0.0741,0.0,0.07321210849389469,0.07412135769972962
desc_tree_fall,priority_enc,8171,0.073,0.0,0.073,0.0,0.07302368115624844,0.07302368115624859
desc_tree_fall,corridor_enc,8153,0.0037,0.735681,0.0075,0.496501,0.003739214244385807,0.007532061634365176
desc_tree_fall,zone_enc,3444,0.0324,0.057132,0.0325,0.056158,0.03241839189071896,0.032546266605967
desc_tree_fall,veh_type_enc,4887,-0.0145,0.311604,-0.0165,0.248021,0.014477345048386128,0.01652744571278582
desc_tree_fall,desc_lang_enc,8173,-0.0434,8.8e-05,-0.0032,0.772186,0.04337124215171863,0.003202941568533283
desc_tree_fall,desc_lang_label_enc,8173,-0.0274,0.01324,-0.0186,0.092083,0.027400699211382495,0.01863423730056621
desc_tree_fall,desc_topic_enc,8173,-0.0463,2.8e-05,-0.0345,0.001833,0.04631750750448713,0.0344634838362312
desc_tree_fall,requires_road_closure_enc,8173,0.1444,0.0,0.1444,0.0,0.14443426069968263,0.14443426069968182
desc_tree_fall,authenticated_enc,8173,0.0011,0.923273,0.0011,0.923273,0.0010655046652315626,0.0010655046652317886
desc_tree_fall,direction_enc,43,-0.1271,0.41664,-0.1463,0.349187,0.12711101975671624,0.1463052777364628
desc_road_block,desc_construction,8173,0.0724,0.0,0.0724,0.0,0.07236595739149583,0.07236595739149543
desc_road_block,desc_traffic_slow,8173,-0.0137,0.216478,-0.0137,0.216478,0.013672747893024587,0.013672747893024507
desc_road_block,desc_event,8173,0.0112,0.312169,0.0112,0.312169,0.011180897643272314,0.011180897643272254
desc_road_block,desc_vehicle_type,8173,-0.0062,0.573359,-0.0062,0.573359,0.006229676698639364,0.006229676698639278
desc_road_block,desc_location_ref,8173,0.089,0.0,0.089,0.0,0.08901864874150382,0.08901864874150335
desc_road_block,desc_severity_high,8173,-0.0012,0.910775,-0.0012,0.910775,0.0012397410681562148,0.0012397410681562167
desc_road_block,event_type_enc,8173,-0.0742,0.0,-0.0742,0.0,0.07421003586077145,0.07421003586077178
desc_road_block,event_cause_enc,8173,-0.0568,0.0,-0.0699,0.0,0.056829824861026335,0.06986558509057336
desc_road_block,status_enc,8173,-0.0097,0.378888,-0.0096,0.386015,0.00973468546568294,0.009589989538791538
desc_road_block,priority_enc,8171,0.014,0.204439,0.014,0.204439,0.014040113612809381,0.014040113612809544
desc_road_block,corridor_enc,8153,0.0261,0.018273,0.0297,0.007263,0.026136817283683497,0.02972914295180309
desc_road_block,zone_enc,3444,0.0313,0.066028,0.0309,0.069399,0.03132704278880104,0.030945223969942908
desc_road_block,veh_type_enc,4887,-0.0112,0.43546,-0.0192,0.178644,0.011158490179569611,0.019242128615063133
desc_road_block,desc_lang_enc,8173,-0.0313,0.004666,-0.0051,0.642755,0.03129214819292781,0.005131568562200056
desc_road_block,desc_lang_label_enc,8173,-0.0281,0.011082,-0.0211,0.056558,0.028095891225426526,0.02109171221182125
desc_road_block,desc_topic_enc,8173,-0.002,0.853208,0.0244,0.027614,0.002046968001825918,0.024365306657593625
desc_road_block,requires_road_closure_enc,8173,0.1454,0.0,0.1454,0.0,0.14543190984319668,0.14543190984319718
desc_road_block,authenticated_enc,8173,0.0013,0.903499,0.0013,0.903499,0.0013413157704741175,0.0013413157704740654
desc_road_block,direction_enc,43,-0.0669,0.669976,-0.0546,0.727888,0.06689012592304412,0.05462999011687985
desc_construction,desc_traffic_slow,8173,0.1479,0.0,0.1479,0.0,0.14786431189223184,0.14786431189223245
desc_construction,desc_event,8173,-0.0246,0.026384,-0.0246,0.026384,0.02456190931476747,0.024561909314767413
desc_construction,desc_vehicle_type,8173,-0.0697,0.0,-0.0697,0.0,0.06972068884345285,0.0697206888434528
desc_construction,desc_location_ref,8173,0.0811,0.0,0.0811,0.0,0.08114314186900361,0.08114314186900337
desc_construction,desc_severity_high,8173,-0.0044,0.688746,-0.0044,0.688746,0.00443137567737057,0.004431375677370575
desc_construction,event_type_enc,8173,-0.3826,0.0,-0.3826,0.0,0.38261084327389794,0.3826108432738974
desc_construction,event_cause_enc,8173,-0.3779,0.0,-0.3478,0.0,0.3778776448576256,0.3477697598094428
desc_construction,status_enc,8173,-0.0521,2e-06,-0.0522,2e-06,0.05210511175704452,0.05221812489673283
desc_construction,priority_enc,8171,-0.0483,1.3e-05,-0.0483,1.3e-05,0.048290789720913,0.04829078972091327
desc_construction,corridor_enc,8153,0.031,0.005192,0.0719,0.0,0.03095012821676815,0.07189057859495297
desc_construction,zone_enc,3444,-0.0582,0.000628,-0.0541,0.001499,0.05823484029560281,0.05407818862887241
desc_construction,veh_type_enc,4887,-0.0367,0.010231,-0.0407,0.004452,0.0367305746644653,0.04067931101308517
desc_construction,desc_lang_enc,8173,-0.1222,0.0,-0.0645,0.0,0.1222349805720779,0.06446132879986653
desc_construction,desc_lang_label_enc,8173,0.0012,0.910169,0.0135,0.222119,0.001248193277516037,0.013506420213075989
desc_construction,desc_topic_enc,8173,0.0405,0.000246,0.0899,0.0,0.04053945806881858,0.08986663420966914
desc_construction,requires_road_closure_enc,8173,0.0861,0.0,0.0861,0.0,0.08605002675891127,0.08605002675891138
desc_construction,authenticated_enc,8173,-0.0287,0.009481,-0.0287,0.009481,0.02869409855267202,0.028694098552672014
desc_construction,direction_enc,43,-0.0136,0.93113,0.0264,0.866524,0.013578902559421534,0.02640489773991164
desc_traffic_slow,desc_event,8173,-0.0044,0.693534,-0.0044,0.693534,0.004359534400731072,0.004359534400731049
desc_traffic_slow,desc_vehicle_type,8173,0.1399,0.0,0.1399,0.0,0.1398874109613576,0.1398874109613579
desc_traffic_slow,desc_location_ref,8173,0.2193,0.0,0.2193,0.0,0.21925702246685536,0.21925702246685538
desc_traffic_slow,desc_severity_high,8173,-0.0091,0.412585,-0.0091,0.412585,0.009064365008801489,0.009064365008801424
desc_traffic_slow,event_type_enc,8173,-0.0421,0.000141,-0.0421,0.000141,0.04209133784436899,0.04209133784436902
desc_traffic_slow,event_cause_enc,8173,-0.0117,0.290531,0.0077,0.484482,0.011692796939080869,0.0077342128018666745
desc_traffic_slow,status_enc,8173,0.0477,1.6e-05,0.048,1.4e-05,0.04765837789249862,0.04797954616342766
desc_traffic_slow,priority_enc,8171,-0.0531,2e-06,-0.0531,2e-06,0.05310834738905348,0.05310834738905354
desc_traffic_slow,corridor_enc,8153,0.0307,0.005618,0.0474,1.8e-05,0.03066706016249485,0.04741658910924115
desc_traffic_slow,zone_enc,3444,0.0172,0.312385,0.0234,0.169916,0.017219265994993606,0.02339217718127987
desc_traffic_slow,veh_type_enc,4887,0.0261,0.067724,0.0317,0.026765,0.026134655186104482,0.03168397060730919
desc_traffic_slow,desc_lang_enc,8173,-0.1289,0.0,0.0398,0.000314,0.12885949306501215,0.03984732650173269
desc_traffic_slow,desc_lang_label_enc,8173,-0.0599,0.0,-0.014,0.20706,0.0599387133818981,0.013957510908949287
desc_traffic_slow,desc_topic_enc,8173,0.326,0.0,0.4169,0.0,0.32602682505620073,0.41692337728775086
desc_traffic_slow,requires_road_closure_enc,8173,-0.1043,0.0,-0.1043,0.0,0.1043402508563342,0.1043402508563342
desc_traffic_slow,authenticated_enc,8173,-0.0257,0.020244,-0.0257,0.020244,0.025682017224475148,0.025682017224475218
desc_traffic_slow,direction_enc,43,-0.0669,0.669976,-0.0182,0.90773,0.06689012592304411,0.018209996705626615
desc_event,desc_vehicle_type,8173,-0.011,0.318007,-0.011,0.318007,0.011046828311567782,0.011046828311567782
desc_event,desc_location_ref,8173,-0.0002,0.982483,-0.0002,0.982483,0.00024290553368678448,0.00024290553368692863
desc_event,desc_severity_high,8173,-0.0014,0.902399,-0.0014,0.902399,0.0013566828625883396,0.001356682862588326
desc_event,event_type_enc,8173,-0.1991,0.0,-0.1991,0.0,0.1991391888660921,0.19913918886609175
desc_event,event_cause_enc,8173,-0.0672,0.0,-0.0869,0.0,0.06724159774887524,0.08686789319471738
desc_event,status_enc,8173,0.0206,0.063007,0.021,0.057562,0.020565616540571527,0.02100662638444126
desc_event,priority_enc,8171,0.0484,1.2e-05,0.0484,1.2e-05,0.04837362632464371,0.048373626324643794
desc_event,corridor_enc,8153,-0.0003,0.97683,-0.0005,0.967155,0.00032170504960355074,0.00045609759180361304
desc_event,zone_enc,3444,0.0174,0.307537,0.0173,0.310179,0.017392627585270295,0.017297937391075505
desc_event,veh_type_enc,4887,,,,,,
desc_event,desc_lang_enc,8173,0.0079,0.476462,0.0277,0.012141,0.007876825704874984,0.027741048851266173
desc_event,desc_lang_label_enc,8173,0.029,0.008859,0.0294,0.007858,0.02895087258741991,0.02940066158257236
desc_event,desc_topic_enc,8173,-0.0309,0.005208,-0.0276,0.012596,0.030901160227728534,0.02759695862732049
desc_event,requires_road_closure_enc,8173,0.0617,0.0,0.0617,0.0,0.06169795894159388,0.06169795894159396
desc_event,authenticated_enc,8173,0.0109,0.32531,0.0109,0.32531,0.010881363766855322,0.010881363766855284
desc_event,direction_enc,43,-0.2268,0.143515,-0.202,0.193991,0.22684366295367137,0.20197758493058066
desc_vehicle_type,desc_location_ref,8173,0.2848,0.0,0.2848,0.0,0.284839682863805,0.28483968286380495
desc_vehicle_type,desc_severity_high,8173,0.0179,0.106524,0.0179,0.106524,0.0178545692134824,0.01785456921348238
desc_vehicle_type,event_type_enc,8173,0.0782,0.0,0.0782,0.0,0.07819839263748464,0.07819839263748485
desc_vehicle_type,event_cause_enc,8173,0.1115,0.0,0.1042,0.0,0.11151374629807956,0.10421931976108413
desc_vehicle_type,status_enc,8173,0.0991,0.0,0.0985,0.0,0.09913085597260983,0.09849621453731393
desc_vehicle_type,priority_enc,8171,-0.0118,0.287796,-0.0118,0.287796,0.01176074283775897,0.011760742837758922
desc_vehicle_type,corridor_enc,8153,0.012,0.279599,0.0098,0.376831,0.011975847355820609,0.009788752439428535
desc_vehicle_type,zone_enc,3444,0.0555,0.001119,0.0549,0.001256,0.05550464482276186,0.05494699831460461
desc_vehicle_type,veh_type_enc,4887,-0.0592,3.5e-05,-0.0913,0.0,0.05916502089316454,0.09131909583497216
desc_vehicle_type,desc_lang_enc,8173,-0.122,0.0,-0.0129,0.243806,0.12199046543448397,0.012893773220042532
desc_vehicle_type,desc_lang_label_enc,8173,-0.0816,0.0,-0.0542,1e-06,0.08158574121994315,0.05416401748031579
desc_vehicle_type,desc_topic_enc,8173,0.1396,0.0,0.1837,0.0,0.13959769097728947,0.1837362512657752
desc_vehicle_type,requires_road_closure_enc,8173,-0.055,1e-06,-0.055,1e-06,0.05498203619792513,0.05498203619792536
desc_vehicle_type,authenticated_enc,8173,-0.0002,0.984709,-0.0002,0.984709,0.0002120366765914467,0.00021203667659133198
desc_vehicle_type,direction_enc,43,,,,,,
desc_location_ref,desc_severity_high,8173,0.0251,0.023306,0.0251,0.023306,0.025091268401530527,0.025091268401530573
desc_location_ref,event_type_enc,8173,-0.0003,0.977551,-0.0003,0.977551,0.0003113040172057858,0.0003113040172056538
desc_location_ref,event_cause_enc,8173,0.0455,3.9e-05,0.0391,0.0004,0.045460723447795726,0.03914737131506694
desc_location_ref,status_enc,8173,0.0538,1e-06,0.054,1e-06,0.05379243995985841,0.053991554130404434
desc_location_ref,priority_enc,8171,-0.0404,0.000257,-0.0404,0.000257,0.04042726230330138,0.04042726230330141
desc_location_ref,corridor_enc,8153,0.0002,0.984633,0.0076,0.493541,0.00021334130410483542,0.007583925086995821
desc_location_ref,zone_enc,3444,0.0502,0.003238,0.0492,0.003856,0.05015507986740285,0.04922845823771487
desc_location_ref,veh_type_enc,4887,0.0265,0.064193,0.0388,0.006712,0.02647778707812136,0.03877256232216223
desc_location_ref,desc_lang_enc,8173,-0.1941,0.0,-0.0159,0.149851,0.1941098274379679,0.015930462187657556
desc_location_ref,desc_lang_label_enc,8173,-0.1248,0.0,-0.0801,0.0,0.12479091724227999,0.0800624856061205
desc_location_ref,desc_topic_enc,8173,0.1754,0.0,0.3147,0.0,0.17543009130469295,0.3146894382011088
desc_location_ref,requires_road_closure_enc,8173,0.0017,0.875185,0.0017,0.875185,0.001737740207230912,0.0017377402072307957
desc_location_ref,authenticated_enc,8173,-0.0084,0.449326,-0.0084,0.449326,0.008369501040794232,0.008369501040794328
desc_location_ref,direction_enc,43,-0.0343,0.827272,-0.0179,0.90907,0.034275732275124315,0.017944495463496232
desc_severity_high,event_type_enc,8173,0.0039,0.727739,0.0039,0.727739,0.0038514239836957252,0.003851423983695708
desc_severity_high,event_cause_enc,8173,0.0093,0.398848,0.0087,0.432022,0.009333486210827599,0.008692492697526737
desc_severity_high,status_enc,8173,0.0052,0.638413,0.0053,0.632415,0.0051987178855871004,0.005291759388837723
desc_severity_high,priority_enc,8171,0.0198,0.073493,0.0198,0.073493,0.019800701381253893,0.019800701381253765
desc_severity_high,corridor_enc,8153,0.0015,0.895005,0.0025,0.824844,0.0014618288688754161,0.002451461912011744
desc_severity_high,zone_enc,3444,0.0027,0.874398,0.0024,0.889253,0.002694558512911049,0.0023736593157430135
desc_severity_high,veh_type_enc,4887,-0.0159,0.26583,-0.0156,0.275745,0.01592015024729553,0.015594145242741294
desc_severity_high,desc_lang_enc,8173,-0.0066,0.550693,-0.0014,0.897591,0.0066014986879874915,0.0014238681313534177
desc_severity_high,desc_lang_label_enc,8173,-0.0058,0.597072,-0.0045,0.682972,0.005848065177961524,0.004518259486274435
desc_severity_high,desc_topic_enc,8173,-0.0016,0.885404,0.0064,0.561708,0.0015944343871591984,0.006419897833583069
desc_severity_high,requires_road_closure_enc,8173,-0.0047,0.67109,-0.0047,0.67109,0.004697934799743301,0.004697934799743266
desc_severity_high,authenticated_enc,8173,0.0059,0.596022,0.0059,0.596022,0.005864807014711679,0.005864807014711706
desc_severity_high,direction_enc,43,,,,,,
event_type_enc,event_cause_enc,8173,0.3187,0.0,0.3034,0.0,0.31869583764845677,0.3033692570260856
event_type_enc,status_enc,8173,-0.0696,0.0,-0.0709,0.0,0.06956572918073253,0.07091894644427023
event_type_enc,priority_enc,8171,-0.0135,0.221472,-0.0135,0.221472,0.01352700847621166,0.013527008476211652
event_type_enc,corridor_enc,8153,-0.0262,0.017839,-0.0561,0.0,0.026235344812754996,0.056099159056917695
event_type_enc,zone_enc,3444,0.0854,1e-06,0.0823,1e-06,0.08543776586519483,0.08228669016033158
event_type_enc,veh_type_enc,4887,-0.009,0.527554,-0.0118,0.408137,0.009039047617429257,0.011835124010579661
event_type_enc,desc_lang_enc,8173,0.0191,0.084474,-0.0116,0.29464,0.019085355043313112,0.011593675360135447
event_type_enc,desc_lang_label_enc,8173,-0.0264,0.016956,-0.0361,0.001089,0.02641033165667701,0.036123976319183196
event_type_enc,desc_topic_enc,8173,0.0367,0.000911,0.0066,0.547824,0.036678878688838575,0.0066490925625041185
event_type_enc,requires_road_closure_enc,8173,-0.2495,0.0,-0.2495,0.0,0.24950643416704138,0.24950643416704144
event_type_enc,authenticated_enc,8173,-0.049,9e-06,-0.049,9e-06,0.048979575999788146,0.04897957599978818
event_type_enc,direction_enc,43,-0.0175,0.911386,-0.0357,0.820202,0.01748551051518698,0.03570157977173798
event_cause_enc,status_enc,8173,0.2039,0.0,0.197,0.0,0.20392742091306088,0.19701391953060668
event_cause_enc,priority_enc,8171,-0.0654,0.0,-0.0804,0.0,0.06539490943636557,0.08038491996041344
event_cause_enc,corridor_enc,8153,0.0096,0.385136,-0.0178,0.108358,0.00961953376580619,0.017783451560633722
event_cause_enc,zone_enc,3444,-0.01,0.558507,-0.0091,0.59508,0.009972773388558764,0.00905965590586724
event_cause_enc,veh_type_enc,4887,,,,,,
event_cause_enc,desc_lang_enc,8173,0.0051,0.646596,-0.0245,0.027055,0.005072350744612568,0.02445366685513983
event_cause_enc,desc_lang_label_enc,8173,-0.0227,0.040005,-0.0354,0.001382,0.022717252023922604,0.03537192652222404
event_cause_enc,desc_topic_enc,8173,0.1064,0.0,0.0842,0.0,0.10641788958351872,0.084221983013552
event_cause_enc,requires_road_closure_enc,8173,-0.0754,0.0,-0.1138,0.0,0.07537308271112726,0.11378517166351801
event_cause_enc,authenticated_enc,8173,0.0466,2.6e-05,0.0381,0.000573,0.0465522817530281,0.03808900263122964
event_cause_enc,direction_enc,43,0.0442,0.778434,-0.0137,0.930364,0.044188297791044266,0.01373027070913872
status_enc,priority_enc,8171,-0.0356,0.001269,-0.0369,0.000846,0.03564825699219906,0.03691259608446898
status_enc,corridor_enc,8153,0.0361,0.001113,0.0297,0.007264,0.03610032373690519,0.029728749401641306
status_enc,zone_enc,3444,-0.0497,0.00355,-0.0423,0.013132,0.04966882196489091,0.04225861091595305
status_enc,veh_type_enc,4887,-0.0882,0.0,-0.1085,0.0,0.08817657050055512,0.10848508318681155
status_enc,desc_lang_enc,8173,-0.0248,0.025065,0.0054,0.623442,0.024781877253274288,0.005431684169900406
status_enc,desc_lang_label_enc,8173,-0.0186,0.092865,-0.0146,0.187052,0.01858963058963141,0.014595281153266863
status_enc,desc_topic_enc,8173,0.1234,0.0,0.1191,0.0,0.12340176341611887,0.11912823446922083
status_enc,requires_road_closure_enc,8173,-0.0252,0.022506,-0.0253,0.021991,0.02523876016299727,0.025336190368819907
status_enc,authenticated_enc,8173,-0.1159,0.0,-0.1173,0.0,0.11592381145490986,0.11731943333321139
status_enc,direction_enc,43,0.1992,0.200377,0.2311,0.135909,0.19917699338767952,0.23112479467112582
priority_enc,corridor_enc,8151,0.0752,0.0,0.1245,0.0,0.07519782898360014,0.1245299127199297
priority_enc,zone_enc,3443,-0.093,0.0,-0.0885,0.0,0.09302842733711457,0.0885117219518356
priority_enc,veh_type_enc,4885,-0.085,0.0,-0.0951,0.0,0.08499400680334028,0.09513717226081236
priority_enc,desc_lang_enc,8171,0.0152,0.169427,-0.0099,0.372699,0.015202155644844492,0.009862910275743767
priority_enc,desc_lang_label_enc,8171,-0.0023,0.836018,-0.0064,0.564893,0.002290220421456169,0.006368498608027088
priority_enc,desc_topic_enc,8171,-0.078,0.0,-0.0758,0.0,0.07799743864186036,0.07575350870637015
priority_enc,requires_road_closure_enc,8171,0.1088,0.0,0.1088,0.0,0.10880671677656877,0.1088067167765686
priority_enc,authenticated_enc,8171,0.0131,0.23687,0.0131,0.23687,0.013086959768252429,0.013086959768252342
priority_enc,direction_enc,43,0.1667,0.285283,0.177,0.25616,0.1667178013009121,0.17700862758446065
corridor_enc,zone_enc,3443,-0.0001,0.994001,-0.013,0.446877,0.0001281788131787263,0.0129671770950697
corridor_enc,veh_type_enc,4886,-0.0731,0.0,-0.0558,9.4e-05,0.07314665250220848,0.05584295160397364
corridor_enc,desc_lang_enc,8153,-0.036,0.001132,-0.0371,0.000796,0.0360469331036214,0.03713899601934954
corridor_enc,desc_lang_label_enc,8153,-0.0005,0.960474,-0.0116,0.293226,0.0005489472176457387,0.011641933492943337
corridor_enc,desc_topic_enc,8153,0.0315,0.004507,0.0487,1.1e-05,0.03145290581142233,0.04869022154884482
corridor_enc,requires_road_closure_enc,8153,0.0045,0.681336,-0.0001,0.992538,0.004548489170687397,0.0001035891207057624
corridor_enc,authenticated_enc,8153,-0.0174,0.116702,-0.0137,0.216083,0.017375362422531442,0.0137012718622546
corridor_enc,direction_enc,42,-0.0869,0.584289,-0.1398,0.377205,0.08688619506811644,0.13980692652783003
zone_enc,veh_type_enc,2190,-0.0305,0.153541,-0.018,0.40014,0.030506360602794436,0.01798782550705286
zone_enc,desc_lang_enc,3444,-0.0303,0.075371,-0.0397,0.019818,0.030304486659824367,0.03969792447454902
zone_enc,desc_lang_label_enc,3444,-0.0411,0.015962,-0.0493,0.003819,0.041060001305493525,0.04928043759676568
zone_enc,desc_topic_enc,3444,0.0311,0.067634,0.0342,0.044451,0.031143162635752345,0.03424949611865434
zone_enc,requires_road_closure_enc,3444,-0.0793,3e-06,-0.0812,2e-06,0.07927411806709686,0.08120775668016382
zone_enc,authenticated_enc,3444,0.0278,0.102704,0.025,0.142655,0.027811972942845337,0.02498530063943128
zone_enc,direction_enc,26,0.0047,0.98187,-0.0016,0.993804,0.004687100223191511,0.0016018436764246317
veh_type_enc,desc_lang_enc,4887,-0.0076,0.593454,0.0172,0.230529,0.00763821982870013,0.01715440922226374
veh_type_enc,desc_lang_label_enc,4887,-0.025,0.081083,-0.0075,0.598948,0.024956114887575577,0.007524871116686109
veh_type_enc,desc_topic_enc,4887,0.0211,0.139456,0.0323,0.024091,0.021142814868578264,0.03226650069394244
veh_type_enc,requires_road_closure_enc,4887,-0.0102,0.477028,-0.0182,0.203084,0.01017428285162118,0.018210395122137974
veh_type_enc,authenticated_enc,4887,0.0104,0.465432,0.0149,0.297841,0.010443850012237358,0.014895249578128118
desc_lang_enc,desc_lang_label_enc,8173,0.6398,0.0,0.6977,0.0,0.6397605857005381,0.6976645429524311
desc_lang_enc,desc_topic_enc,8173,-0.0243,0.028307,0.0964,0.0,0.024257814949575535,0.09635788852404727
desc_lang_enc,requires_road_closure_enc,8173,0.0174,0.115345,0.007,0.529121,0.01741875656655259,0.006962442902331479
desc_lang_enc,authenticated_enc,8173,0.0135,0.221131,0.0108,0.329,0.013535345429502632,0.010798678331661595
desc_lang_enc,direction_enc,43,0.0388,0.804791,-0.0276,0.860779,0.03882001018554066,0.027552389720960153
desc_lang_label_enc,desc_topic_enc,8173,0.1251,0.0,0.1096,0.0,0.12507665660377423,0.10961280516375803
desc_lang_label_enc,requires_road_closure_enc,8173,0.049,9e-06,0.0472,1.9e-05,0.048999211545021855,0.047246757405794766
desc_lang_label_enc,authenticated_enc,8173,0.0251,0.023358,0.0244,0.027487,0.025081899865429448,0.024385305742093688
desc_lang_label_enc,direction_enc,43,0.1587,0.309339,0.1207,0.440675,0.15872299343672736,0.12071070793404803
desc_topic_enc,requires_road_closure_enc,8173,-0.0611,0.0,-0.054,1e-06,0.06105238191284162,0.05403198797626026
desc_topic_enc,authenticated_enc,8173,-0.0174,0.115604,-0.0244,0.027633,0.017406393277162764,0.024362286635276058
desc_topic_enc,direction_enc,43,0.0656,0.67586,0.0107,0.945522,0.0656276576321346,0.010736580222574009
requires_road_closure_enc,authenticated_enc,8173,0.0099,0.373131,0.0099,0.373131,0.009852794263761618,0.009852794263761493
requires_road_closure_enc,direction_enc,43,-0.0023,0.988375,0.0286,0.855711,0.002289390728593999,0.028565985858229028
authenticated_enc,direction_enc,43,0.0171,0.913463,0.0138,0.929839,0.017074254200813967,0.013834081159628808
